Time,Coast,East,FarWest,North,NorthCentral,Northwest,South,SouthCentral,West,
05/01/17,0,0,0,0,0,0,0,0,0,0
05/01/17,1,0,0,0,0,0,0,0,0,0
05/01/17,2,0,0,0,0,0,0,0,0,0
05/01/17,3,0,0,0,0,0,0,0,0,0
05/01/17,4,0,0,0,0,0,0,0,0,0
05/01/17,5,0,0,0,0,0,0,0,0,0
05/01/17,6,0,0,0,0,0,0,0,0,0
05/01/17,7,0,0,0.754409853,0.122415885,0.002342888,0,0,0.146781917,0.155333457
05/01/17,8,0,0,56.44450528,9.159085095,0.175293495,0,0,10.98213744,11.62195869
05/01/17,9,0,0,117.3097793,19.03551544,0.364316085,0,0,22.82440272,24.15415643
05/01/17,10,0,0,119.6324652,19.41241089,0.371529395,0,0,23.2763166,24.63239889
05/01/17,11,0,0,121.9679685,19.79138619,0.378782511,0,0,23.73072431,25.11328047
05/01/17,12,0,0,122.4348806,19.86715066,0.380232549,0,0,23.82156917,25.20941797
05/01/17,13,0,0,122.1794431,19.82570155,0.379439264,0,0,23.7718699,25.15682322
05/01/17,14,0,0,121.7306305,19.75287405,0.378045436,0,0,23.68454659,25.06441243
05/01/17,15,0,0,120.8993653,19.61798708,0.375463868,0,0,23.5228113,24.89325442
05/01/17,16,0,0,118.3129556,19.19829792,0.367431539,0,0,23.01958592,24.36071104
05/01/17,17,0,0,111.8564258,18.15061567,0.347380204,0,0,21.7633698,23.03130754
05/01/17,18,0,0,102.6528496,16.65717824,0.31879767,0,0,19.972674,21.13628549
05/01/17,19,0,0,55.15858978,8.950423342,0.171299968,0,0,10.73194301,11.3571879
05/01/17,20,0,0,4.462623034,0.724136812,0.013859078,0,0,0.868271221,0.918856855
05/01/17,21,0,0,0,0,0,0,0,0,0
05/01/17,22,0,0,0,0,0,0,0,0,0
05/01/17,23,0,0,0,0,0,0,0,0,0
05/02/17,0,0,0,0,0,0,0,0,0,0
05/02/17,1,0,0,0,0,0,0,0,0,0
05/02/17,2,0,0,0,0,0,0,0,0,0
05/02/17,3,0,0,0,0,0,0,0,0,0
05/02/17,4,0,0,0,0,0,0,0,0,0
05/02/17,5,0,0,0,0,0,0,0,0,0
05/02/17,6,0,0,0,0,0,0,0,0,0
05/02/17,7,0,0,0.751514918,0.121946132,0.002333897,0,0,0.146218663,0.154737388
05/02/17,8,0,0,44.51789286,7.223788516,0.138254326,0,0,8.661633503,9.166261791
05/02/17,9,0,0,93.25916378,15.13289226,0.289624732,0,0,18.14498948,19.20211975
05/02/17,10,0,0,103.0972058,16.72928261,0.320177658,0,0,20.05913025,21.2277787
05/02/17,11,0,0,112.0913408,18.18873465,0.348109754,0,0,21.80907609,23.07967669
05/02/17,12,0,0,112.425828,18.24301092,0.349148534,0,0,21.87415567,23.14854782
05/02/17,13,0,0,105.4057951,17.10389066,0.32734719,0,0,20.50830143,21.70311867
05/02/17,14,0,0,106.5754029,17.29367951,0.330979512,0,0,20.73586643,21.94394165
05/02/17,15,0,0,105.43969,17.10939069,0.327452453,0,0,20.5148962,21.71009766
05/02/17,16,0,0,106.4787767,17.27800026,0.330679431,0,0,20.71706634,21.92404626
05/02/17,17,0,0,87.11702336,14.13622506,0.270549762,0,0,16.94994259,17.93744922
05/02/17,18,0,0,68.3332383,11.0882351,0.212215026,0,0,13.29527137,14.06985621
05/02/17,19,0,0,37.7416679,6.124230272,0.117210149,0,0,7.343215819,7.771032862
05/02/17,20,0,0,1.355990408,0.220032605,0.00421115,0,0,0.263828569,0.279199267
05/02/17,21,0,0,0,0,0,0,0,0,0
05/02/17,22,0,0,0,0,0,0,0,0,0
05/02/17,23,0,0,0,0,0,0,0,0,0
05/03/17,0,0,0,0,0,0,0,0,0,0
05/03/17,1,0,0,0,0,0,0,0,0,0
05/03/17,2,0,0,0,0,0,0,0,0,0
05/03/17,3,0,0,0,0,0,0,0,0,0
05/03/17,4,0,0,0,0,0,0,0,0,0
05/03/17,5,0,0,0,0,0,0,0,0,0
05/03/17,6,0,0,0,0,0,0,0,0,0
05/03/17,7,0,0,0.142918314,0.023190938,0.000443846,0,0,0.027806933,0.02942697
05/03/17,8,0,0,34.0195165,5.52024763,0.105650672,0,0,6.619014623,7.004639577
05/03/17,9,0,0,73.28566919,11.8918516,0.227595246,0,0,14.25884216,15.08956481
05/03/17,10,0,0,87.24967817,14.15775057,0.270961733,0,0,16.9757526,17.96476293
05/03/17,11,0,0,92.89112072,15.07317099,0.288481741,0,0,18.0733811,19.12633945
05/03/17,12,0,0,98.61968401,16.00272823,0.306272311,0,0,19.18796026,20.30585419
05/03/17,13,0,0,108.2065654,17.55836348,0.336045234,0,0,21.05323391,22.27979902
05/03/17,14,0,0,106.2559479,17.24184247,0.329987416,0,0,20.67371159,21.87816566
05/03/17,15,0,0,115.6007717,18.75819975,0.359008608,0,0,22.49188927,23.80227069
05/03/17,16,0,0,113.2854416,18.3824979,0.351818142,0,0,22.04140657,23.32554279
05/03/17,17,0,0,94.21943267,15.28871229,0.292606934,0,0,18.3318244,19.39983971
05/03/17,18,0,0,78.5948923,12.75336374,0.244083516,0,0,15.29183231,16.18273714
05/03/17,19,0,0,46.67015887,7.573030438,0.144938382,0,0,9.080389607,9.6094147
05/03/17,20,0,0,4.839255105,0.785251799,0.015028743,0,0,0.941550721,0.996405632
05/03/17,21,0,0,0,0,0,0,0,0,0
05/03/17,22,0,0,0,0,0,0,0,0,0
05/03/17,23,0,0,0,0,0,0,0,0,0
05/04/17,0,0,0,0,0,0,0,0,0,0
05/04/17,1,0,0,0,0,0,0,0,0,0
05/04/17,2,0,0,0,0,0,0,0,0,0
05/04/17,3,0,0,0,0,0,0,0,0,0
05/04/17,4,0,0,0,0,0,0,0,0,0
05/04/17,5,0,0,0,0,0,0,0,0,0
05/04/17,6,0,0,0,0,0,0,0,0,0
05/04/17,7,0,0,1.08904334,0.176715884,0.003382122,0,0,0.211889954,0.2242347
05/04/17,8,0,0,55.8891747,9.068973224,0.173568866,0,0,10.87408943,11.50761578
05/04/17,9,0,0,114.4035748,18.56393411,0.355290605,0,0,22.2589564,23.55576711
05/04/17,10,0,0,118.7484737,19.26896817,0.36878408,0,0,23.10432259,24.45038449
05/04/17,11,0,0,121.2058484,19.66771919,0.376415678,0,0,23.58244225,24.95635947
05/04/17,12,0,0,129.0845428,20.94617192,0.400883673,0,0,25.11536212,26.57858753
05/04/17,13,0,0,128.4794701,20.84798856,0.399004566,0,0,24.99763604,26.4540027
05/04/17,14,0,0,128.7142581,20.88608691,0.399733721,0,0,25.0433176,26.50234569
05/04/17,15,0,0,128.3627052,20.82904145,0.398641942,0,0,24.97491765,26.42996073
05/04/17,16,0,0,128.0301671,20.77508146,0.397609215,0,0,24.91021729,26.36149093
05/04/17,17,0,0,126.4276078,20.51503885,0.392632322,0,0,24.598415,26.03152298
05/04/17,18,0,0,120.558479,19.56267244,0.374405214,0,0,23.45648667,24.8230657
05/04/17,19,0,0,66.74455021,10.83044332,0.207281212,0,0,12.98616792,13.74274434
05/04/17,20,0,0,5.747205696,0.932582291,0.017848465,0,0,1.118206326,1.183353222
05/04/17,21,0,0,0,0,0,0,0,0,0
05/04/17,22,0,0,0,0,0,0,0,0,0
05/04/17,23,0,0,0,0,0,0,0,0,0
05/05/17,0,0,0,0,0,0,0,0,0,0
05/05/17,1,0,0,0,0,0,0,0,0,0
05/05/17,2,0,0,0,0,0,0,0,0,0
05/05/17,3,0,0,0,0,0,0,0,0,0
05/05/17,4,0,0,0,0,0,0,0,0,0
05/05/17,5,0,0,0,0,0,0,0,0,0
05/05/17,6,0,0,0,0,0,0,0,0,0
05/05/17,7,0,0,1.266525244,0.205515354,0.003933308,0,0,0.246421759,0.260778334
05/05/17,8,0,0,58.58506127,9.506426867,0.181941184,0,0,11.39861518,12.0627005
05/05/17,9,0,0,120.5451704,19.56051291,0.374363883,0,0,23.45389729,24.82032547
05/05/17,10,0,0,126.9725235,20.60346073,0.394324607,0,0,24.70443665,26.14372146
05/05/17,11,0,0,127.8004563,20.73780696,0.396895827,0,0,24.86552356,26.31419333
05/05/17,12,0,0,128.1883993,20.80075733,0.398100619,0,0,24.94100377,26.39407103
05/05/17,13,0,0,128.4080605,20.83640112,0.398782797,0,0,24.9837422,26.43929941
05/05/17,14,0,0,128.3266945,20.8231981,0.398530107,0,0,24.96791121,26.4225461
05/05/17,15,0,0,127.651469,20.71363123,0.396433134,0,0,24.83653582,26.28351676
05/05/17,16,0,0,127.2514597,20.64872289,0.395190869,0,0,24.75870792,26.20115459
05/05/17,17,0,0,126.4250769,20.51462817,0.392624463,0,0,24.59792258,26.03100186
05/05/17,18,0,0,119.2133601,19.34440392,0.370227826,0,0,23.19477332,24.54610488
05/05/17,19,0,0,65.22341952,10.58361388,0.202557203,0,0,12.6902088,13.42954259
05/05/17,20,0,0,5.645758453,0.916120743,0.017533411,0,0,1.098468221,1.162465172
05/05/17,21,0,0,0,0,0,0,0,0,0
05/05/17,22,0,0,0,0,0,0,0,0,0
05/05/17,23,0,0,0,0,0,0,0,0,0
05/06/17,0,0,0,0,0,0,0,0,0,0
05/06/17,1,0,0,0,0,0,0,0,0,0
05/06/17,2,0,0,0,0,0,0,0,0,0
05/06/17,3,0,0,0,0,0,0,0,0,0
05/06/17,4,0,0,0,0,0,0,0,0,0
05/06/17,5,0,0,0,0,0,0,0,0,0
05/06/17,6,0,0,0,0,0,0,0,0,0
05/06/17,7,0,0,1.278073689,0.207389286,0.003969173,0,0,0.248668685,0.263156166
05/06/17,8,0,0,57.77605958,9.375152524,0.179428756,0,0,11.24121159,11.89612655
05/06/17,9,0,0,110.1494592,17.87363119,0.342079066,0,0,21.43125348,22.67984207
05/06/17,10,0,0,112.6517287,18.27966716,0.349850089,0,0,21.91810809,23.19506092
05/06/17,11,0,0,115.9428881,18.81371398,0.360071081,0,0,22.55845322,23.87271266
05/06/17,12,0,0,119.6142948,19.40946243,0.371472965,0,0,23.27278126,24.62865759
05/06/17,13,0,0,119.3064776,19.35951383,0.370517011,0,0,23.21289075,24.56527784
05/06/17,14,0,0,117.8590697,19.12464718,0.366021956,0,0,22.93127552,24.26725565
05/06/17,15,0,0,119.8365718,19.44553068,0.372163267,0,0,23.31602865,24.67442457
05/06/17,16,0,0,116.8152283,18.95526609,0.362780212,0,0,22.7281803,24.05232807
05/06/17,17,0,0,115.8157983,18.7930915,0.359676392,0,0,22.53372598,23.84654481
05/06/17,18,0,0,107.2497707,17.40310719,0.333073822,0,0,20.86707494,22.08279439
05/06/17,19,0,0,49.99931828,8.113243416,0.155277386,0,0,9.72812823,10.29489069
05/06/17,20,0,0,4.796419909,0.778301057,0.014895714,0,0,0.933216482,0.987585838
05/06/17,21,0,0,0,0,0,0,0,0,0
05/06/17,22,0,0,0,0,0,0,0,0,0
05/06/17,23,0,0,0,0,0,0,0,0,0
05/07/17,0,0,0,0,0,0,0,0,0,0
05/07/17,1,0,0,0,0,0,0,0,0,0
05/07/17,2,0,0,0,0,0,0,0,0,0
05/07/17,3,0,0,0,0,0,0,0,0,0
05/07/17,4,0,0,0,0,0,0,0,0,0
05/07/17,5,0,0,0,0,0,0,0,0,0
05/07/17,6,0,0,0,0,0,0,0,0,0
05/07/17,7,0,0,1.496805696,0.242882291,0.004648465,0,0,0.291226326,0.308193223
05/07/17,8,0,0,45.09577749,7.317560167,0.140048998,0,0,8.774069751,9.285248595
05/07/17,9,0,0,96.7550575,15.70016073,0.300481545,0,0,18.8251688,19.92192643
05/07/17,10,0,0,110.4970551,17.93003456,0.343158556,0,0,21.49888354,22.75141227
05/07/17,11,0,0,113.712994,18.45187558,0.353145944,0,0,22.1245934,23.41357609
05/07/17,12,0,0,113.4139216,18.40334598,0.352217148,0,0,22.06640432,23.35199691
05/07/17,13,0,0,111.6986394,18.12501214,0.346890184,0,0,21.73267006,22.99881923
05/07/17,14,0,0,117.9611907,19.14121806,0.366339102,0,0,22.95114471,24.28828243
05/07/17,15,0,0,119.1425079,19.33290695,0.370007789,0,0,23.18098795,24.53151638
05/07/17,16,0,0,113.2790878,18.38146689,0.351798409,0,0,22.04017035,23.32423454
05/07/17,17,0,0,101.2388341,16.42773006,0.314406317,0,0,19.69755576,20.84513881
05/07/17,18,0,0,78.21306621,12.69140593,0.242897721,0,0,15.21754223,16.10411891
05/07/17,19,0,0,50.18369106,8.143161049,0.155849972,0,0,9.76400076,10.33285316
05/07/17,20,0,0,5.660713379,0.918547435,0.017579855,0,0,1.101377929,1.165544401
05/07/17,21,0,0,0,0,0,0,0,0,0
05/07/17,22,0,0,0,0,0,0,0,0,0
05/07/17,23,0,0,0,0,0,0,0,0,0
05/08/17,0,0,0,0,0,0,0,0,0,0
05/08/17,1,0,0,0,0,0,0,0,0,0
05/08/17,2,0,0,0,0,0,0,0,0,0
05/08/17,3,0,0,0,0,0,0,0,0,0
05/08/17,4,0,0,0,0,0,0,0,0,0
05/08/17,5,0,0,0,0,0,0,0,0,0
05/08/17,6,0,0,0,0,0,0,0,0,0
05/08/17,7,0,0,0.359750381,0.058375644,0.001117237,0,0,0.069994911,0.074072827
05/08/17,8,0,0,21.90511397,3.554478897,0.068028304,0,0,4.261973261,4.510276571
05/08/17,9,0,0,34.47059877,5.593443435,0.107051549,0,0,6.706779544,7.097517698
05/08/17,10,0,0,42.31944393,6.867052625,0.131426845,0,0,8.233891808,8.713599791
05/08/17,11,0,0,56.51393517,9.170351281,0.175509115,0,0,10.99564608,11.63625435
05/08/17,12,0,0,58.91001623,9.559156361,0.182950361,0,0,11.46184011,12.12960893
05/08/17,13,0,0,63.38995203,10.28610247,0.196863205,0,0,12.3334798,13.0520305
05/08/17,14,0,0,67.04853749,10.87977045,0.208225272,0,0,13.04531327,13.80533551
05/08/17,15,0,0,60.71175184,9.851518738,0.188545813,0,0,11.8123952,12.50058741
05/08/17,16,0,0,44.88882447,7.283978505,0.139406287,0,0,8.733803892,9.24263684
05/08/17,17,0,0,37.37627198,6.064938543,0.116075379,0,0,7.272122483,7.695797616
05/08/17,18,0,0,29.67612415,4.815458033,0.092161876,0,0,5.773941546,6.110332395
05/08/17,19,0,0,27.99473748,4.542624327,0.086940178,0,0,5.446802183,5.764133835
05/08/17,20,0,0,2.71568618,0.440666469,0.008433808,0,0,0.528378072,0.559161471
05/08/17,21,0,0,0,0,0,0,0,0,0
05/08/17,22,0,0,0,0,0,0,0,0,0
05/08/17,23,0,0,0,0,0,0,0,0,0
05/09/17,0,0,0,0,0,0,0,0,0,0
05/09/17,1,0,0,0,0,0,0,0,0,0
05/09/17,2,0,0,0,0,0,0,0,0,0
05/09/17,3,0,0,0,0,0,0,0,0,0
05/09/17,4,0,0,0,0,0,0,0,0,0
05/09/17,5,0,0,0,0,0,0,0,0,0
05/09/17,6,0,0,0,0,0,0,0,0,0
05/09/17,7,0,0,0.12471401,0.020236978,0.000387311,0,0,0.024265009,0.025678692
05/09/17,8,0,0,19.45836804,3.157452577,0.060429714,0,0,3.785921607,4.006490065
05/09/17,9,0,0,35.36698112,5.738896782,0.109835345,0,0,6.881184371,7.28208338
05/09/17,10,0,0,46.40343405,7.52974978,0.144110044,0,0,9.028494234,9.554495893
05/09/17,11,0,0,53.54703343,8.688920797,0.166295135,0,0,10.4183902,11.02536744
05/09/17,12,0,0,64.26473254,10.42805054,0.199579915,0,0,12.50368166,13.23214835
05/09/17,13,0,0,74.27216173,12.05192686,0.230658887,0,0,14.45077929,15.29268423
05/09/17,14,0,0,78.50379798,12.73858213,0.243800615,0,0,15.27410852,16.16398076
05/09/17,15,0,0,72.53533,11.77009625,0.225265,0,0,14.11285225,14.9350695
05/09/17,16,0,0,70.05987613,11.36841158,0.217577255,0,0,13.63121503,14.42537201
05/09/17,17,0,0,64.52782736,10.47074217,0.200396979,0,0,12.55487076,13.28631973
05/09/17,18,0,0,63.36221801,10.28160215,0.196777075,0,0,12.32808372,13.04632004
05/09/17,19,0,0,32.94740913,5.346279898,0.102321146,0,0,6.41041982,6.783892004
05/09/17,20,0,0,4.429318195,0.718732533,0.013755647,0,0,0.861791258,0.911999367
05/09/17,21,0,0,0,0,0,0,0,0,0
05/09/17,22,0,0,0,0,0,0,0,0,0
05/09/17,23,0,0,0,0,0,0,0,0,0
05/10/17,0,0,0,0,0,0,0,0,0,0
05/10/17,1,0,0,0,0,0,0,0,0,0
05/10/17,2,0,0,0,0,0,0,0,0,0
05/10/17,3,0,0,0,0,0,0,0,0,0
05/10/17,4,0,0,0,0,0,0,0,0,0
05/10/17,5,0,0,0,0,0,0,0,0,0
05/10/17,6,0,0,0,0,0,0,0,0,0
05/10/17,7,0,0,0.117952777,0.019139853,0.000366313,0,0,0.022949508,0.02428655
05/10/17,8,0,0,35.96517308,5.835963644,0.111693084,0,0,6.997571718,7.405251475
05/10/17,9,0,0,76.9642433,12.48876308,0.239019389,0,0,14.97456473,15.8469855
05/10/17,10,0,0,85.6603476,13.89985454,0.266025924,0,0,16.66652415,17.63751878
05/10/17,11,0,0,83.64448072,13.57274571,0.259765468,0,0,16.27430657,17.22245053
05/10/17,12,0,0,89.58337923,14.53643343,0.278209252,0,0,17.42980966,18.44527343
05/10/17,13,0,0,90.86883938,14.7450213,0.282201365,0,0,17.67991549,18.70995047
05/10/17,14,0,0,96.91499545,15.72611339,0.300978247,0,0,18.85628716,19.95485776
05/10/17,15,0,0,98.47955334,15.97998963,0.305837122,0,0,19.1606957,20.2770012
05/10/17,16,0,0,91.35029452,14.82314562,0.283696567,0,0,17.77358991,18.80908238
05/10/17,17,0,0,90.38242268,14.66609188,0.280690754,0,0,17.58527572,18.60979697
05/10/17,18,0,0,87.41120887,14.18396169,0.271463382,0,0,17.00718086,17.9980222
05/10/17,19,0,0,54.10584904,8.779598174,0.168030587,0,0,10.52711628,11.14042792
05/10/17,20,0,0,5.374291122,0.872070531,0.016690345,0,0,1.045650121,1.10656988
05/10/17,21,0,0,0,0,0,0,0,0,0
05/10/17,22,0,0,0,0,0,0,0,0,0
05/10/17,23,0,0,0,0,0,0,0,0,0
05/11/17,0,0,0,0,0,0,0,0,0,0
05/11/17,1,0,0,0,0,0,0,0,0,0
05/11/17,2,0,0,0,0,0,0,0,0,0
05/11/17,3,0,0,0,0,0,0,0,0,0
05/11/17,4,0,0,0,0,0,0,0,0,0
05/11/17,5,0,0,0,0,0,0,0,0,0
05/11/17,6,0,0,0,0,0,0,0,0,0
05/11/17,7,0,0,0.490732598,0.079629746,0.001524014,0,0,0.095479495,0.101042147
05/11/17,8,0,0,39.59016503,6.424180506,0.122950823,0,0,7.702869066,8.151639571
05/11/17,9,0,0,77.13178101,12.51594894,0.239539693,0,0,15.00716174,15.88148162
05/11/17,10,0,0,81.81503663,13.27588716,0.254083965,0,0,15.91836039,16.84576686
05/11/17,11,0,0,85.93194202,13.94392537,0.266869385,0,0,16.71936698,17.69344024
05/11/17,12,0,0,89.47686953,14.51915041,0.277878477,0,0,17.40908657,18.42334301
05/11/17,13,0,0,94.04900322,15.2610572,0.29207765,0,0,18.29866476,19.36474818
05/11/17,14,0,0,98.99494429,16.06362062,0.307437715,0,0,19.26097286,20.38312052
05/11/17,15,0,0,97.55870678,15.83056655,0.30297735,0,0,18.98153099,20.08739832
05/11/17,16,0,0,100.7722208,16.35201409,0.312957207,0,0,19.60676905,20.74906285
05/11/17,17,0,0,93.74515132,15.21175204,0.29113401,0,0,18.23954575,19.30218488
05/11/17,18,0,0,87.21643591,14.15235645,0.270858497,0,0,16.96928481,17.95791833
05/11/17,19,0,0,53.61331804,8.699676607,0.166500988,0,0,10.43128688,11.03901548
05/11/17,20,0,0,7.431190337,1.205837562,0.023078231,0,0,1.445851163,1.530086706
05/11/17,21,0,0,0,0,0,0,0,0,0
05/11/17,22,0,0,0,0,0,0,0,0,0
05/11/17,23,0,0,0,0,0,0,0,0,0
05/12/17,0,0,0,0,0,0,0,0,0,0
05/12/17,1,0,0,0,0,0,0,0,0,0
05/12/17,2,0,0,0,0,0,0,0,0,0
05/12/17,3,0,0,0,0,0,0,0,0,0
05/12/17,4,0,0,0,0,0,0,0,0,0
05/12/17,5,0,0,0,0,0,0,0,0,0
05/12/17,6,0,0,0,0,0,0,0,0,0
05/12/17,7,0,0,2.013959921,0.326799397,0.006254534,0,0,0.39184655,0.414675599
05/12/17,8,0,0,56.97489841,9.245150441,0.176940678,0,0,11.0853335,11.73116697
05/12/17,9,0,0,104.6227858,16.97683404,0.324915484,0,0,20.35595507,21.54189658
05/12/17,10,0,0,108.5293777,17.61074529,0.337047757,0,0,21.11604197,22.34626628
05/12/17,11,0,0,110.5136123,17.93272126,0.343209976,0,0,21.50210501,22.75482142
05/12/17,12,0,0,111.1542263,18.03667181,0.345199461,0,0,21.6267462,22.88672423
05/12/17,13,0,0,111.0603609,18.02144055,0.344907953,0,0,21.60848327,22.8673973
05/12/17,14,0,0,111.3306736,18.0653034,0.345747434,0,0,21.66107671,22.92305484
05/12/17,15,0,0,109.3749081,17.74794704,0.339673628,0,0,21.28055276,22.52036151
05/12/17,16,0,0,109.1638212,17.71369458,0.339018078,0,0,21.2394826,22.47689858
05/12/17,17,0,0,109.4285324,17.7566485,0.339840163,0,0,21.29098619,22.53140278
05/12/17,18,0,0,104.9944602,17.03714455,0.326069752,0,0,20.42826997,21.61842456
05/12/17,19,0,0,65.97544854,10.70564344,0.204892697,0,0,12.83652749,13.58438583
05/12/17,20,0,0,8.04038662,1.304690065,0.024970145,0,0,1.564379571,1.655520599
05/12/17,21,0,0,0,0,0,0,0,0,0
05/12/17,22,0,0,0,0,0,0,0,0,0
05/12/17,23,0,0,0,0,0,0,0,0,0
05/13/17,0,0,0,0,0,0,0,0,0,0
05/13/17,1,0,0,0,0,0,0,0,0,0
05/13/17,2,0,0,0,0,0,0,0,0,0
05/13/17,3,0,0,0,0,0,0,0,0,0
05/13/17,4,0,0,0,0,0,0,0,0,0
05/13/17,5,0,0,0,0,0,0,0,0,0
05/13/17,6,0,0,0,0,0,0,0,0,0
05/13/17,7,0,0,2.256275458,0.366119232,0.007007067,0,0,0.438992725,0.464568518
05/13/17,8,0,0,58.50157692,9.492880106,0.181681916,0,0,11.38237203,12.04551102
05/13/17,9,0,0,93.6588193,15.19774319,0.290865898,0,0,18.22274854,19.28440907
05/13/17,10,0,0,89.85483507,14.58048178,0.279052283,0,0,17.48262552,18.50116635
05/13/17,11,0,0,94.63203077,15.35566338,0.293888294,0,0,18.41210164,19.48479391
05/13/17,12,0,0,106.9296866,17.35116808,0.332079772,0,0,20.80479771,22.01688888
05/13/17,13,0,0,110.3823121,17.91141555,0.342802211,0,0,21.47655855,22.72778662
05/13/17,14,0,0,110.0640257,17.85976815,0.341813745,0,0,21.4146311,22.66225126
05/13/17,15,0,0,110.660199,17.95650744,0.343665214,0,0,21.53062567,22.7850037
05/13/17,16,0,0,109.2227078,17.72324995,0.339200956,0,0,21.25093989,22.48902338
05/13/17,17,0,0,106.32244,17.25263196,0.330193913,0,0,20.68664866,21.89185644
05/13/17,18,0,0,97.81974583,15.8729246,0.303788031,0,0,19.03232011,20.14114642
05/13/17,19,0,0,53.89527624,8.745429141,0.167376634,0,0,10.48614614,11.09707085
05/13/17,20,0,0,7.097435613,1.151680158,0.022041726,0,0,1.380914103,1.461366401
05/13/17,21,0,0,0,0,0,0,0,0,0
05/13/17,22,0,0,0,0,0,0,0,0,0
05/13/17,23,0,0,0,0,0,0,0,0,0
05/14/17,0,0,0,0,0,0,0,0,0,0
05/14/17,1,0,0,0,0,0,0,0,0,0
05/14/17,2,0,0,0,0,0,0,0,0,0
05/14/17,3,0,0,0,0,0,0,0,0,0
05/14/17,4,0,0,0,0,0,0,0,0,0
05/14/17,5,0,0,0,0,0,0,0,0,0
05/14/17,6,0,0,0,0,0,0,0,0,0
05/14/17,7,0,0,1.503925843,0.244037656,0.004670577,0,0,0.292611659,0.309659265
05/14/17,8,0,0,50.3430536,8.169020343,0.156344887,0,0,9.795007167,10.365666
05/14/17,9,0,0,91.36190619,14.82502981,0.283732628,0,0,17.77584914,18.81147323
05/14/17,10,0,0,108.5694374,17.61724566,0.337172166,0,0,21.12383619,22.35451459
05/14/17,11,0,0,109.5280362,17.7727947,0.340149181,0,0,21.31034618,22.55189069
05/14/17,12,0,0,110.7089403,17.96441655,0.343816585,0,0,21.54010903,22.79503956
05/14/17,13,0,0,109.856915,17.82616089,0.341170543,0,0,21.37433455,22.61960703
05/14/17,14,0,0,107.72636,17.48044196,0.334553913,0,0,20.95980266,22.18092444
05/14/17,15,0,0,94.9960581,15.41473303,0.295018814,0,0,18.48292869,19.55974737
05/14/17,16,0,0,75.07496482,12.18219538,0.233152065,0,0,14.60697685,15.45798189
05/14/17,17,0,0,70.57635915,11.45221977,0.21918124,0,0,13.73170466,14.53171618
05/14/17,18,0,0,52.54071509,8.525628458,0.163169923,0,0,10.22259565,10.81816587
05/14/17,19,0,0,23.13277313,3.753687566,0.07184091,0,0,4.500833034,4.763052356
05/14/17,20,0,0,5.229670845,0.848603421,0.016241214,0,0,1.017512045,1.076792475
05/14/17,21,0,0,0,0,0,0,0,0,0
05/14/17,22,0,0,0,0,0,0,0,0,0
05/14/17,23,0,0,0,0,0,0,0,0,0
05/15/17,0,0,0,0,0,0,0,0,0,0
05/15/17,1,0,0,0,0,0,0,0,0,0
05/15/17,2,0,0,0,0,0,0,0,0,0
05/15/17,3,0,0,0,0,0,0,0,0,0
05/15/17,4,0,0,0,0,0,0,0,0,0
05/15/17,5,0,0,0,0,0,0,0,0,0
05/15/17,6,0,0,0,0,0,0,0,0,0
05/15/17,7,0,0,1.395128544,0.226383436,0.004332697,0,0,0.271443488,0.287257834
05/15/17,8,0,0,27.52635967,4.466622028,0.085485589,0,0,5.355672154,5.667694554
05/15/17,9,0,0,48.16469614,7.815544637,0.149579802,0,0,9.371174574,9.91714085
05/15/17,10,0,0,66.41464454,10.77691049,0.20625666,0,0,12.92197975,13.67481656
05/15/17,11,0,0,89.00751908,14.44299029,0.276420867,0,0,17.3177673,18.32670346
05/15/17,12,0,0,87.79264476,14.24585618,0.272647965,0,0,17.08139501,18.07656009
05/15/17,13,0,0,86.45085313,14.02812757,0.26848091,0,0,16.82032903,17.80028436
05/15/17,14,0,0,70.27871032,11.40392116,0.218256864,0,0,13.67379255,14.47043011
05/15/17,15,0,0,58.93311695,9.562904847,0.183022102,0,0,11.46633471,12.13436539
05/15/17,16,0,0,64.92645659,10.53542657,0.201634958,0,0,12.63243014,13.36839774
05/15/17,17,0,0,61.74406391,10.019029,0.191751751,0,0,12.01324722,12.71314111
05/15/17,18,0,0,56.9502969,9.241158425,0.176864276,0,0,11.0805469,11.7261015
05/15/17,19,0,0,38.79179088,6.294630662,0.1204714,0,0,7.547533225,7.987253836
05/15/17,20,0,0,7.694122304,1.248502765,0.02389479,0,0,1.497008579,1.584224561
05/15/17,21,0,0,0,0,0,0,0,0,0
05/15/17,22,0,0,0,0,0,0,0,0,0
05/15/17,23,0,0,0,0,0,0,0,0,0
05/16/17,0,0,0,0,0,0,0,0,0,0
05/16/17,1,0,0,0,0,0,0,0,0,0
05/16/17,2,0,0,0,0,0,0,0,0,0
05/16/17,3,0,0,0,0,0,0,0,0,0
05/16/17,4,0,0,0,0,0,0,0,0,0
05/16/17,5,0,0,0,0,0,0,0,0,0
05/16/17,6,0,0,0,0,0,0,0,0,0
05/16/17,7,0,0,0.378555002,0.061427015,0.001175637,0,0,0.073653636,0.07794471
05/16/17,8,0,0,19.77657518,3.209087122,0.061417935,0,0,3.847833649,4.072009113
05/16/17,9,0,0,41.98787462,6.813249841,0.130397126,0,0,8.169379953,8.645329463
05/16/17,10,0,0,60.72873443,9.854274454,0.188598554,0,0,11.81569942,12.50408414
05/16/17,11,0,0,73.73004196,11.96395867,0.228975286,0,0,14.34530164,15.18106144
05/16/17,12,0,0,69.47864441,11.2740968,0.215772188,0,0,13.51812755,14.30569604
05/16/17,13,0,0,77.80690363,12.62549911,0.241636347,0,0,15.13851712,16.02048979
05/16/17,14,0,0,65.78354944,10.67450453,0.204296737,0,0,12.7991906,13.54487369
05/16/17,15,0,0,63.42744249,10.29218593,0.196979635,0,0,12.34077414,13.0597498
05/16/17,16,0,0,55.79462919,9.0536316,0.173275246,0,0,10.85569416,11.48814881
05/16/17,17,0,0,59.40791049,9.639948208,0.184496616,0,0,11.55871302,12.23212567
05/16/17,18,0,0,49.80968186,8.082471669,0.154688453,0,0,9.69123158,10.25584443
05/16/17,19,0,0,42.06187459,6.8252576,0.13062694,0,0,8.183777773,8.660566102
05/16/17,20,0,0,5.192178472,0.842519643,0.016124778,0,0,1.010217333,1.069072772
05/16/17,21,0,0,0,0,0,0,0,0,0
05/16/17,22,0,0,0,0,0,0,0,0,0
05/16/17,23,0,0,0,0,0,0,0,0,0
05/17/17,0,0,0,0,0,0,0,0,0,0
05/17/17,1,0,0,0,0,0,0,0,0,0
05/17/17,2,0,0,0,0,0,0,0,0,0
05/17/17,3,0,0,0,0,0,0,0,0,0
05/17/17,4,0,0,0,0,0,0,0,0,0
05/17/17,5,0,0,0,0,0,0,0,0,0
05/17/17,6,0,0,0,0,0,0,0,0,0
05/17/17,7,0,0,1.747497576,0.28356133,0.005427011,0,0,0.340002246,0.359810836
05/17/17,8,0,0,40.88284432,6.6339398,0.126965355,0,0,7.954379492,8.417803038
05/17/17,9,0,0,65.15627786,10.572719,0.202348689,0,0,12.67714537,13.41571808
05/17/17,10,0,0,73.64780104,11.95061368,0.228719879,0,0,14.32930042,15.16412798
05/17/17,11,0,0,87.53696705,14.2043681,0.271853935,0,0,17.03164902,18.02391589
05/17/17,12,0,0,85.63721495,13.89610087,0.265954084,0,0,16.66202334,17.63275575
05/17/17,13,0,0,99.73058976,16.18299166,0.309722328,0,0,19.40410388,20.53459038
05/17/17,14,0,0,115.6656615,18.76872924,0.359210129,0,0,22.50451458,23.81563155
05/17/17,15,0,0,125.8322712,20.41843532,0.390783451,0,0,24.48258321,25.9089428
05/17/17,16,0,0,124.7825685,20.24810311,0.387523505,0,0,24.27834756,25.69280835
05/17/17,17,0,0,120.6944643,19.58473838,0.374827529,0,0,23.48294468,24.85106516
05/17/17,18,0,0,112.3755055,18.23484522,0.348992253,0,0,21.86436466,23.13818638
05/17/17,19,0,0,69.00189282,11.19673571,0.214291593,0,0,13.42536828,14.20753259
05/17/17,20,0,0,10.93951381,1.775122971,0.033973645,0,0,2.128448883,2.252452689
05/17/17,21,0,0,0,0,0,0,0,0,0
05/17/17,22,0,0,0,0,0,0,0,0,0
05/17/17,23,0,0,0,0,0,0,0,0,0
05/18/17,0,0,0,0,0,0,0,0,0,0
05/18/17,1,0,0,0,0,0,0,0,0,0
05/18/17,2,0,0,0,0,0,0,0,0,0
05/18/17,3,0,0,0,0,0,0,0,0,0
05/18/17,4,0,0,0,0,0,0,0,0,0
05/18/17,5,0,0,0,0,0,0,0,0,0
05/18/17,6,0,0,0,0,0,0,0,0,0
05/18/17,7,0,0,1.228040432,0.199270536,0.00381379,0,0,0.238933954,0.252854288
05/18/17,8,0,0,34.53624284,5.604095305,0.107255413,0,0,6.719551595,7.111033851
05/18/17,9,0,0,77.12108387,12.51421314,0.239506472,0,0,15.00508045,15.87927907
05/18/17,10,0,0,107.3128749,17.41334693,0.333269798,0,0,20.87935283,22.09578759
05/18/17,11,0,0,103.7072795,16.8282775,0.322072297,0,0,20.17782939,21.35339327
05/18/17,12,0,0,112.2689166,18.21754935,0.348661232,0,0,21.84362616,23.11623966
05/18/17,13,0,0,111.9235049,18.1615004,0.347588524,0,0,21.77642105,23.04511917
05/18/17,14,0,0,107.6627155,17.47011455,0.334356259,0,0,20.94741965,22.16782
05/18/17,15,0,0,109.3203526,17.73909449,0.339504201,0,0,21.26993817,22.50912851
05/18/17,16,0,0,99.22709403,16.10129088,0.308158677,0,0,19.30614112,20.43092029
05/18/17,17,0,0,97.45374002,15.8135339,0.302651367,0,0,18.96110811,20.0657856
05/18/17,18,0,0,76.73233944,12.45113272,0.238299191,0,0,14.9294443,15.79923635
05/18/17,19,0,0,61.01796924,9.901207742,0.189496799,0,0,11.87197445,12.56363777
05/18/17,20,0,0,10.69799529,1.735932466,0.033223588,0,0,2.081457779,2.202723875
05/18/17,21,0,0,0,0,0,0,0,0,0
05/18/17,22,0,0,0,0,0,0,0,0,0
05/18/17,23,0,0,0,0,0,0,0,0,0
05/19/17,0,0,0,0,0,0,0,0,0,0
05/19/17,1,0,0,0,0,0,0,0,0,0
05/19/17,2,0,0,0,0,0,0,0,0,0
05/19/17,3,0,0,0,0,0,0,0,0,0
05/19/17,4,0,0,0,0,0,0,0,0,0
05/19/17,5,0,0,0,0,0,0,0,0,0
05/19/17,6,0,0,0,0,0,0,0,0,0
05/19/17,7,0,0,0.598577691,0.097129455,0.001858937,0,0,0.116462399,0.123247518
05/19/17,8,0,0,26.70029812,4.33257943,0.08292018,0,0,5.194949307,5.497607966
05/19/17,9,0,0,71.10674398,11.53828377,0.220828397,0,0,13.8348991,14.64092275
05/19/17,10,0,0,86.5439566,14.04323519,0.268770052,0,0,16.83844373,17.81945442
05/19/17,11,0,0,85.42330272,13.86138996,0.26528976,0,0,16.62040346,17.58871109
05/19/17,12,0,0,90.82312458,14.73760329,0.282059393,0,0,17.67102098,18.70053776
05/19/17,13,0,0,103.0632802,16.72377761,0.320072299,0,0,20.05252951,21.2207934
05/19/17,14,0,0,111.6649616,18.11954734,0.346785595,0,0,21.72611753,22.99188495
05/19/17,15,0,0,108.3377935,17.57965748,0.336452775,0,0,21.07876633,22.30681896
05/19/17,16,0,0,105.9143022,17.18640462,0.328926404,0,0,20.60723922,21.8078206
05/19/17,17,0,0,87.01445979,14.11958237,0.270231242,0,0,16.92998728,17.91633132
05/19/17,18,0,0,77.66940286,12.60318727,0.241209326,0,0,15.11176425,15.99217829
05/19/17,19,0,0,56.74084171,9.207170743,0.176213794,0,0,11.0397942,11.68297455
05/19/17,20,0,0,10.3358794,1.677172978,0.032099004,0,0,2.011002623,2.128163989
05/19/17,21,0,0,0,0,0,0,0,0,0
05/19/17,22,0,0,0,0,0,0,0,0,0
05/19/17,23,0,0,0,0,0,0,0,0,0
05/20/17,0,0,0,0,0,0,0,0,0,0
05/20/17,1,0,0,0,0,0,0,0,0,0
05/20/17,2,0,0,0,0,0,0,0,0,0
05/20/17,3,0,0,0,0,0,0,0,0,0
05/20/17,4,0,0,0,0,0,0,0,0,0
05/20/17,5,0,0,0,0,0,0,0,0,0
05/20/17,6,0,0,0,0,0,0,0,0,0
05/20/17,7,0,0,2.150639405,0.348977978,0.006679004,0,0,0.418439623,0.442817989
05/20/17,8,0,0,18.18889741,2.951459284,0.056487259,0,0,3.538926778,3.745105273
05/20/17,9,0,0,49.73706646,8.070688579,0.154462939,0,0,9.677103148,10.24089288
05/20/17,10,0,0,81.69504533,13.25641652,0.253711321,0,0,15.89501425,16.82106058
05/20/17,11,0,0,86.52650142,14.04040279,0.268715843,0,0,16.83504756,17.81586039
05/20/17,12,0,0,101.1587089,16.41472839,0.314157481,0,0,19.68196619,20.828641
05/20/17,13,0,0,106.1115747,17.21841547,0.329539052,0,0,20.64562161,21.84843915
05/20/17,14,0,0,93.05385973,15.09957817,0.288987142,0,0,18.10504445,19.15984752
05/20/17,15,0,0,98.22431246,15.93857244,0.305044449,0,0,19.11103471,20.22444694
05/20/17,16,0,0,100.4225315,16.29527102,0.311871216,0,0,19.53873167,20.67706161
05/20/17,17,0,0,106.4612557,17.27515718,0.330625018,0,0,20.71365737,21.92043868
05/20/17,18,0,0,88.7882717,14.40741365,0.275739974,0,0,17.27510938,18.28156029
05/20/17,19,0,0,62.10974722,10.07836737,0.192887414,0,0,12.08439647,12.78843553
05/20/17,20,0,0,9.811191198,1.592033354,0.030469538,0,0,1.908916548,2.020130362
05/20/17,21,0,0,0,0,0,0,0,0,0
05/20/17,22,0,0,0,0,0,0,0,0,0
05/20/17,23,0,0,0,0,0,0,0,0,0
05/21/17,0,0,0,0,0,0,0,0,0,0
05/21/17,1,0,0,0,0,0,0,0,0,0
05/21/17,2,0,0,0,0,0,0,0,0,0
05/21/17,3,0,0,0,0,0,0,0,0,0
05/21/17,4,0,0,0,0,0,0,0,0,0
05/21/17,5,0,0,0,0,0,0,0,0,0
05/21/17,6,0,0,0,0,0,0,0,0,0
05/21/17,7,0,0,0.856604938,0.138998783,0.002660264,0,0,0.166665526,0.176375489
05/21/17,8,0,0,15.55239691,2.523642046,0.048299369,0,0,3.025955486,3.202248184
05/21/17,9,0,0,41.40157469,6.718112664,0.128576319,0,0,8.05530638,8.524609944
05/21/17,10,0,0,29.42294095,4.774374735,0.091375593,0,0,5.724680903,6.058201817
05/21/17,11,0,0,37.22819157,6.040909968,0.115615502,0,0,7.243311187,7.665307768
05/21/17,12,0,0,41.13163498,6.674310334,0.127737997,0,0,8.002785501,8.46902919
05/21/17,13,0,0,57.57691899,9.342838563,0.178810307,0,0,11.20246576,11.85512338
05/21/17,14,0,0,42.01197097,6.817159886,0.13047196,0,0,8.174068265,8.650290917
05/21/17,15,0,0,37.6842948,6.114920508,0.117031971,0,0,7.332053011,7.759219706
05/21/17,16,0,0,44.64482102,7.244384778,0.138648512,0,0,8.686329308,9.192396378
05/21/17,17,0,0,55.26227672,8.967248319,0.171621977,0,0,10.75211688,11.3785371
05/21/17,18,0,0,44.13009872,7.160862293,0.137049996,0,0,8.586182251,9.086414737
05/21/17,19,0,0,34.7114761,5.632529896,0.107799615,0,0,6.753645894,7.14711449
05/21/17,20,0,0,8.65113351,1.40379418,0.026866874,0,0,1.683209672,1.781273763
05/21/17,21,0,0,0,0,0,0,0,0,0
05/21/17,22,0,0,0,0,0,0,0,0,0
05/21/17,23,0,0,0,0,0,0,0,0,0
05/22/17,0,0,0,0,0,0,0,0,0,0
05/22/17,1,0,0,0,0,0,0,0,0,0
05/22/17,2,0,0,0,0,0,0,0,0,0
05/22/17,3,0,0,0,0,0,0,0,0,0
05/22/17,4,0,0,0,0,0,0,0,0,0
05/22/17,5,0,0,0,0,0,0,0,0,0
05/22/17,6,0,0,0,0,0,0,0,0,0
05/22/17,7,0,0,1.349131463,0.218919624,0.004189849,0,0,0.262494056,0.277787006
05/22/17,8,0,0,24.63548876,3.997528844,0.076507729,0,0,4.793209227,5.072462438
05/22/17,9,0,0,37.37667943,6.065004659,0.116076644,0,0,7.272201758,7.69588151
05/22/17,10,0,0,63.16081155,10.24892051,0.196151589,0,0,12.28889703,13.00485033
05/22/17,11,0,0,68.00119257,11.034355,0.211183828,0,0,13.23066681,14.00148779
05/22/17,12,0,0,82.72825405,13.42407228,0.256920044,0,0,16.09604073,17.03379889
05/22/17,13,0,0,107.4752971,17.43970271,0.333774215,0,0,20.91095454,22.12923043
05/22/17,14,0,0,99.25255132,16.10542176,0.308237737,0,0,19.31109422,20.43616196
05/22/17,15,0,0,86.16318298,13.98144817,0.267587525,0,0,16.76435843,17.74105289
05/22/17,16,0,0,93.92381087,15.2407426,0.291688854,0,0,18.27430668,19.338971
05/22/17,17,0,0,67.39469835,10.93594096,0.209300305,0,0,13.11266414,13.87661025
05/22/17,18,0,0,23.71121273,3.847549271,0.073637307,0,0,4.61337726,4.882153429
05/22/17,19,0,0,28.72200277,4.660635542,0.089198766,0,0,5.588302713,5.91387821
05/22/17,20,0,0,11.25929072,1.827012237,0.034966741,0,0,2.190666347,2.318294953
05/22/17,21,0,0,0,0,0,0,0,0,0
05/22/17,22,0,0,0,0,0,0,0,0,0
05/22/17,23,0,0,0,0,0,0,0,0,0
05/23/17,0,0,0,0,0,0,0,0,0,0
05/23/17,1,0,0,0,0,0,0,0,0,0
05/23/17,2,0,0,0,0,0,0,0,0,0
05/23/17,3,0,0,0,0,0,0,0,0,0
05/23/17,4,0,0,0,0,0,0,0,0,0
05/23/17,5,0,0,0,0,0,0,0,0,0
05/23/17,6,0,0,0,0,0,0,0,0,0
05/23/17,7,0,0,1.043996549,0.169406272,0.003242225,0,0,0.203125416,0.214959538
05/23/17,8,0,0,12.62919955,2.049303343,0.039221117,0,0,2.457202956,2.600360032
05/23/17,9,0,0,24.12270472,3.914320875,0.074915232,0,0,4.693439288,4.966879885
05/23/17,10,0,0,46.85394028,7.60285211,0.145509131,0,0,9.116147076,9.647255405
05/23/17,11,0,0,36.6285761,5.943612116,0.113753342,0,0,7.126646872,7.54184657
05/23/17,12,0,0,56.43499919,9.15754257,0.175263973,0,0,10.98028789,11.62000139
05/23/17,13,0,0,62.30806716,10.11054816,0.193503314,0,0,12.12298263,12.82926973
05/23/17,14,0,0,39.31085143,6.378857103,0.12208339,0,0,7.648524354,8.094128726
05/23/17,15,0,0,50.67783461,8.22334428,0.15738458,0,0,9.860143908,10.43459762
05/23/17,16,0,0,51.9267514,8.426002362,0.161263203,0,0,10.10313967,10.69175037
05/23/17,17,0,0,74.26727936,12.05113462,0.230643725,0,0,14.44982935,15.29167895
05/23/17,18,0,0,92.43534192,14.99921309,0.287066279,0,0,17.9847024,19.03249431
05/23/17,19,0,0,69.19251721,11.22766778,0.214883594,0,0,13.46245715,14.24678227
05/23/17,20,0,0,11.03921822,1.791301714,0.034283286,0,0,2.147847893,2.272981888
05/23/17,21,0,0,0,0,0,0,0,0,0
05/23/17,22,0,0,0,0,0,0,0,0,0
05/23/17,23,0,0,0,0,0,0,0,0,0
05/24/17,0,0,0,0,0,0,0,0,0,0
05/24/17,1,0,0,0,0,0,0,0,0,0
05/24/17,2,0,0,0,0,0,0,0,0,0
05/24/17,3,0,0,0,0,0,0,0,0,0
05/24/17,4,0,0,0,0,0,0,0,0,0
05/24/17,5,0,0,0,0,0,0,0,0,0
05/24/17,6,0,0,0,0,0,0,0,0,0
05/24/17,7,0,0,4.843065843,0.785870156,0.015040577,0,0,0.942292159,0.997190265
05/24/17,8,0,0,71.55856133,11.61159885,0.222231557,0,0,13.92280704,14.73395222
05/24/17,9,0,0,117.658869,19.09216119,0.365400214,0,0,22.89232342,24.2260342
05/24/17,10,0,0,120.4538954,19.54570197,0.37408042,0,0,23.43613834,24.80153188
05/24/17,11,0,0,121.4442204,19.70639911,0.377155964,0,0,23.62882114,25.00544041
05/24/17,12,0,0,121.8654362,19.77474858,0.378464088,0,0,23.71077509,25.09216901
05/24/17,13,0,0,122.4014481,19.86172566,0.380128721,0,0,23.81506435,25.20253419
05/24/17,14,0,0,120.7371168,19.59165948,0.37495999,0,0,23.49124338,24.85984734
05/24/17,15,0,0,121.9602404,19.79013217,0.378758511,0,0,23.72922068,25.11168925
05/24/17,16,0,0,120.4237077,19.54080351,0.37398667,0,0,23.43026487,24.79531622
05/24/17,17,0,0,116.7296429,18.94137839,0.362514419,0,0,22.71152834,24.03470597
05/24/17,18,0,0,108.7804432,17.65148496,0.337827463,0,0,21.16489058,22.39796082
05/24/17,19,0,0,69.90992388,11.34407926,0.217111565,0,0,13.60203954,14.39449675
05/24/17,20,0,0,12.55379522,2.037067703,0.038986942,0,0,2.442531897,2.584834234
05/24/17,21,0,0,0,0,0,0,0,0,0
05/24/17,22,0,0,0,0,0,0,0,0,0
05/24/17,23,0,0,0,0,0,0,0,0,0
05/25/17,0,0,0,0,0,0,0,0,0,0
05/25/17,1,0,0,0,0,0,0,0,0,0
05/25/17,2,0,0,0,0,0,0,0,0,0
05/25/17,3,0,0,0,0,0,0,0,0,0
05/25/17,4,0,0,0,0,0,0,0,0,0
05/25/17,5,0,0,0,0,0,0,0,0,0
05/25/17,6,0,0,0,0,0,0,0,0,0
05/25/17,7,0,0,5.358177711,0.869455855,0.016640303,0,0,1.042515011,1.103252119
05/25/17,8,0,0,71.67346398,11.63024377,0.222588397,0,0,13.9451631,14.75761075
05/25/17,9,0,0,113.9716164,18.49384149,0.353949119,0,0,22.17491233,23.46682662
05/25/17,10,0,0,118.2722662,19.19169537,0.367305175,0,0,23.01166918,24.35233307
05/25/17,11,0,0,107.6288755,17.46462343,0.334251166,0,0,20.94083556,22.16085232
05/25/17,12,0,0,113.2521387,18.37709393,0.351714716,0,0,22.03492698,23.3186857
05/25/17,13,0,0,123.9608879,20.11477141,0.384971702,0,0,24.11847711,25.52362382
05/25/17,14,0,0,127.7283767,20.72611082,0.396671977,0,0,24.85149938,26.2993521
05/25/17,15,0,0,108.1055505,17.54197209,0.335731523,0,0,21.03357993,22.25899999
05/25/17,16,0,0,101.0234249,16.39277624,0.313737344,0,0,19.65564462,20.80078593
05/25/17,17,0,0,87.24067852,14.15629023,0.270933784,0,0,16.97400158,17.96290989
05/25/17,18,0,0,88.45556881,14.35342693,0.274706735,0,0,17.21037697,18.21305656
05/25/17,19,0,0,48.82290961,7.922351015,0.151623943,0,0,9.499240021,10.05266741
05/25/17,20,0,0,5.260073724,0.853536808,0.016335633,0,0,1.023427388,1.083052447
05/25/17,21,0,0,0,0,0,0,0,0,0
05/25/17,22,0,0,0,0,0,0,0,0,0
05/25/17,23,0,0,0,0,0,0,0,0,0
05/26/17,0,0,0,0,0,0,0,0,0,0
05/26/17,1,0,0,0,0,0,0,0,0,0
05/26/17,2,0,0,0,0,0,0,0,0,0
05/26/17,3,0,0,0,0,0,0,0,0,0
05/26/17,4,0,0,0,0,0,0,0,0,0
05/26/17,5,0,0,0,0,0,0,0,0,0
05/26/17,6,0,0,0,0,0,0,0,0,0
05/26/17,7,0,0,3.790274645,0.615036802,0.011771039,0,0,0.73745561,0.780419904
05/26/17,8,0,0,46.17650005,7.492925862,0.14340528,0,0,8.98434077,9.507770041
05/26/17,9,0,0,76.67239136,12.44140512,0.238113017,0,0,14.91778049,15.786893
05/26/17,10,0,0,96.19215079,15.6088195,0.298733388,0,0,18.71564673,19.80602359
05/26/17,11,0,0,96.92888704,15.72836754,0.301021388,0,0,18.85898998,19.95771805
05/26/17,12,0,0,102.0094461,16.55277503,0.316799522,0,0,19.84749005,21.00380831
05/26/17,13,0,0,119.2393774,19.34862568,0.370308626,0,0,23.19983539,24.55146187
05/26/17,14,0,0,118.4554741,19.22142398,0.367874143,0,0,23.04731507,24.39005569
05/26/17,15,0,0,116.2926055,18.8704616,0.36115716,0,0,22.62649606,23.9447197
05/26/17,16,0,0,116.6856364,18.93423759,0.362377753,0,0,22.70296622,24.02564502
05/26/17,17,0,0,106.7911333,17.32868545,0.331649482,0,0,20.77784007,21.98836068
05/26/17,18,0,0,89.3554215,14.4994434,0.277501309,0,0,17.38545701,18.39833679
05/26/17,19,0,0,47.15217857,7.651246367,0.146435337,0,0,9.174173874,9.708662854
05/26/17,20,0,0,10.89982453,1.768682708,0.033850387,0,0,2.12072673,2.244280642
05/26/17,21,0,0,0,0,0,0,0,0,0
05/26/17,22,0,0,0,0,0,0,0,0,0
05/26/17,23,0,0,0,0,0,0,0,0,0
05/27/17,0,0,0,0,0,0,0,0,0,0
05/27/17,1,0,0,0,0,0,0,0,0,0
05/27/17,2,0,0,0,0,0,0,0,0,0
05/27/17,3,0,0,0,0,0,0,0,0,0
05/27/17,4,0,0,0,0,0,0,0,0,0
05/27/17,5,0,0,0,0,0,0,0,0,0
05/27/17,6,0,0,0,0,0,0,0,0,0
05/27/17,7,0,0,3.39567712,0.551006613,0.010545581,0,0,0.660680657,0.699172028
05/27/17,8,0,0,52.70562226,8.552387464,0.163682057,0,0,10.25468085,10.85212036
05/27/17,9,0,0,94.10200613,15.26965783,0.292242255,0,0,18.30897728,19.37566151
05/27/17,10,0,0,98.40821137,15.96841318,0.305615563,0,0,19.14681504,20.26231184
05/27/17,11,0,0,113.7240896,18.45367604,0.353180403,0,0,22.12675222,23.41586069
05/27/17,12,0,0,122.1257127,19.81698289,0.3792724,0,0,23.76141585,25.14576011
05/27/17,13,0,0,122.4624512,19.87162445,0.380318171,0,0,23.82693344,25.21509476
05/27/17,14,0,0,123.960149,20.11465151,0.384969407,0,0,24.11833335,25.52347168
05/27/17,15,0,0,124.4990284,20.20209389,0.386642945,0,0,24.22318052,25.63442727
05/27/17,16,0,0,121.6352445,19.73739605,0.377749207,0,0,23.6659878,25.0447724
05/27/17,17,0,0,115.7890567,18.78875222,0.359593344,0,0,22.528523,23.8410387
05/27/17,18,0,0,96.13028489,15.5987807,0.298541257,0,0,18.70360978,19.79328537
05/27/17,19,0,0,59.19354611,9.605163926,0.183830889,0,0,11.51700517,12.18798791
05/27/17,20,0,0,12.7020851,2.061130269,0.039447469,0,0,2.471383949,2.615367212
05/27/17,21,0,0,0,0,0,0,0,0,0
05/27/17,22,0,0,0,0,0,0,0,0,0
05/27/17,23,0,0,0,0,0,0,0,0,0
05/28/17,0,0,0,0,0,0,0,0,0,0
05/28/17,1,0,0,0,0,0,0,0,0,0
05/28/17,2,0,0,0,0,0,0,0,0,0
05/28/17,3,0,0,0,0,0,0,0,0,0
05/28/17,4,0,0,0,0,0,0,0,0,0
05/28/17,5,0,0,0,0,0,0,0,0,0
05/28/17,6,0,0,0,0,0,0,0,0,0
05/28/17,7,0,0,3.889380012,0.63111834,0.01207882,0,0,0.756738067,0.80082576
05/28/17,8,0,0,32.83240174,5.327617984,0.101963981,0,0,6.388043382,6.760211911
05/28/17,9,0,0,52.0833761,8.451417396,0.161749615,0,0,10.13361339,10.72399949
05/28/17,10,0,0,59.40899617,9.640124378,0.184499988,0,0,11.55892425,12.23234921
05/28/17,11,0,0,82.37198487,13.36626152,0.255813618,0,0,16.02672314,16.96044285
05/28/17,12,0,0,85.4183929,13.86059326,0.265274512,0,0,16.61944818,17.58770015
05/28/17,13,0,0,78.14305132,12.68004482,0.242680284,0,0,15.20391977,16.0897028
05/28/17,14,0,0,86.2312264,13.99248938,0.26779884,0,0,16.77759731,17.75506308
05/28/17,15,0,0,83.66073974,13.57538401,0.259815962,0,0,16.27747001,17.22579828
05/28/17,16,0,0,90.65311343,14.71001608,0.281531408,0,0,17.63794272,18.66553236
05/28/17,17,0,0,72.93552644,11.83503496,0.226507846,0,0,14.19071656,15.0174702
05/28/17,18,0,0,68.27989117,11.07957861,0.212049351,0,0,13.28489187,14.058872
05/28/17,19,0,0,50.41293054,8.18035907,0.156561896,0,0,9.808602789,10.38005371
05/28/17,20,0,0,11.03254767,1.790219304,0.03426257,0,0,2.146550036,2.271608418
05/28/17,21,0,0,0,0,0,0,0,0,0
05/28/17,22,0,0,0,0,0,0,0,0,0
05/28/17,23,0,0,0,0,0,0,0,0,0
05/29/17,0,0,0,0,0,0,0,0,0,0
05/29/17,1,0,0,0,0,0,0,0,0,0
05/29/17,2,0,0,0,0,0,0,0,0,0
05/29/17,3,0,0,0,0,0,0,0,0,0
05/29/17,4,0,0,0,0,0,0,0,0,0
05/29/17,5,0,0,0,0,0,0,0,0,0
05/29/17,6,0,0,0,0,0,0,0,0,0
05/29/17,7,0,0,2.422439464,0.39308218,0.007523104,0,0,0.471322461,0.49878179
05/29/17,8,0,0,46.43621074,7.535068357,0.144211835,0,0,9.034871437,9.561244633
05/29/17,9,0,0,93.74767074,15.21216086,0.291141835,0,0,18.24003594,19.30270363
05/29/17,10,0,0,94.3230551,15.3055268,0.292928743,0,0,18.35198572,19.42117563
05/29/17,11,0,0,98.9504761,16.0564049,0.307299615,0,0,19.25232089,20.37396449
05/29/17,12,0,0,112.0676979,18.18489818,0.348036329,0,0,21.804476,23.0748086
05/29/17,13,0,0,118.3813579,19.20939736,0.367643969,0,0,23.03289464,24.37479512
05/29/17,14,0,0,118.5399873,19.23513769,0.368136607,0,0,23.0637584,24.40745701
05/29/17,15,0,0,116.4399776,18.89437525,0.361614837,0,0,22.65516956,23.97506372
05/29/17,16,0,0,119.1740405,19.33802366,0.370105716,0,0,23.18712311,24.53800897
05/29/17,17,0,0,107.2940734,17.41029608,0.333211408,0,0,20.87569472,22.09191636
05/29/17,18,0,0,75.91505464,12.3185143,0.235761039,0,0,14.77042911,15.6309569
05/29/17,19,0,0,36.06353571,5.851924661,0.111998558,0,0,7.016709666,7.425504403
05/29/17,20,0,0,4.997657136,0.810955234,0.015520674,0,0,0.972370247,1.029020708
05/29/17,21,0,0,0,0,0,0,0,0,0
05/29/17,22,0,0,0,0,0,0,0,0,0
05/29/17,23,0,0,0,0,0,0,0,0,0
05/30/17,0,0,0,0,0,0,0,0,0,0
05/30/17,1,0,0,0,0,0,0,0,0,0
05/30/17,2,0,0,0,0,0,0,0,0,0
05/30/17,3,0,0,0,0,0,0,0,0,0
05/30/17,4,0,0,0,0,0,0,0,0,0
05/30/17,5,0,0,0,0,0,0,0,0,0
05/30/17,6,0,0,0,0,0,0,0,0,0
05/30/17,7,0,0,4.157638838,0.674647917,0.012911922,0,0,0.808931904,0.856060419
05/30/17,8,0,0,43.50306024,7.059114589,0.135102672,0,0,8.464182373,8.957307124
05/30/17,9,0,0,73.58654121,11.94067322,0.228529631,0,0,14.31738139,15.15151454
05/30/17,10,0,0,81.4776551,13.22114124,0.253036196,0,0,15.85271768,16.77629979
05/30/17,11,0,0,94.68016026,15.36347321,0.294037765,0,0,18.42146596,19.4947038
05/30/17,12,0,0,105.3045183,17.08745678,0.327032666,0,0,20.4885965,21.68226573
05/30/17,13,0,0,109.7771188,17.81321259,0.340922729,0,0,21.35880898,22.60317694
05/30/17,14,0,0,107.7912799,17.49097632,0.334755528,0,0,20.9724338,22.19429148
05/30/17,15,0,0,88.61604449,14.37946685,0.275205107,0,0,17.24159996,18.2460986
05/30/17,16,0,0,49.31985166,8.002988351,0.153167241,0,0,9.59592766,10.15498809
05/30/17,17,0,0,46.33934634,7.519350455,0.143911013,0,0,9.016024995,9.541300194
05/30/17,18,0,0,36.36897653,5.901487652,0.112947132,0,0,7.076137825,7.488394858
05/30/17,19,0,0,34.5209571,5.601614933,0.107207941,0,0,6.716577522,7.107886508
05/30/17,20,0,0,4.102021352,0.66562303,0.012739197,0,0,0.798110676,0.844608744
05/30/17,21,0,0,0,0,0,0,0,0,0
05/30/17,22,0,0,0,0,0,0,0,0,0
05/30/17,23,0,0,0,0,0,0,0,0,0
05/31/17,0,0,0,0,0,0,0,0,0,0
05/31/17,1,0,0,0,0,0,0,0,0,0
05/31/17,2,0,0,0,0,0,0,0,0,0
05/31/17,3,0,0,0,0,0,0,0,0,0
05/31/17,4,0,0,0,0,0,0,0,0,0
05/31/17,5,0,0,0,0,0,0,0,0,0
05/31/17,6,0,0,0,0,0,0,0,0,0
05/31/17,7,0,0,3.168389952,0.514125388,0.00983972,0,0,0.61645848,0.652373459
05/31/17,8,0,0,24.64630469,3.999283914,0.076541319,0,0,4.79531363,5.074689444
05/31/17,9,0,0,52.18868901,8.468506213,0.162076674,0,0,10.15410362,10.74568348
05/31/17,10,0,0,50.62083001,8.21409431,0.157207547,0,0,9.849052795,10.42286034
05/31/17,11,0,0,60.49712051,9.816691139,0.187879256,0,0,11.7706354,12.45639469
05/31/17,12,0,0,100.0362279,16.23258667,0.310671515,0,0,19.46357043,20.59752146
05/31/17,13,0,0,77.29267628,12.54205694,0.240039367,0,0,15.03846636,15.91461005
05/31/17,14,0,0,87.56256037,14.20852105,0.271933417,0,0,17.03662859,18.02918557
05/31/17,15,0,0,69.72980952,11.31485263,0.216552203,0,0,13.56699555,14.35741109
05/31/17,16,0,0,58.24926482,9.451938158,0.180898338,0,0,11.33328087,11.99355981
05/31/17,17,0,0,42.39636246,6.879533971,0.131665722,0,0,8.248857479,8.729437364
05/31/17,18,0,0,46.2952211,7.512190381,0.143773979,0,0,9.007439758,9.53221478
05/31/17,19,0,0,27.40555794,4.447019884,0.085110428,0,0,5.332168339,5.642821403
05/31/17,20,0,0,4.222801368,0.685221651,0.01311429,0,0,0.821610266,0.869477425
05/31/17,21,0,0,0,0,0,0,0,0,0
05/31/17,22,0,0,0,0,0,0,0,0,0
05/31/17,23,0,0,0,0,0,0,0,0,0
06/01/17,0,0,0,0,0,0,0,0,0,0
06/01/17,1,0,0,0,0,0,0,0,0,0
06/01/17,2,0,0,0,0,0,0,0,0,0
06/01/17,3,0,0,0,0,0,0,0,0,0
06/01/17,4,0,0,0,0,0,0,0,0,0
06/01/17,5,0,0,0,0,0,0,0,0,0
06/01/17,6,0,0,0,0,0,0,0,0,0
06/01/17,7,0,0,2.907007314,0.471711591,0.009027973,0,0,0.56560251,0.598554612
06/01/17,8,0,0,32.37162306,5.252848773,0.100532991,0,0,6.298391878,6.665337295
06/01/17,9,0,0,75.60269293,12.26782828,0.234790972,0,0,14.70965439,15.56664143
06/01/17,10,0,0,90.39308598,14.66782218,0.280723869,0,0,17.58735042,18.61199255
06/01/17,11,0,0,96.79880786,15.70725997,0.300617416,0,0,18.83368109,19.93093466
06/01/17,12,0,0,96.12398156,15.59775788,0.298521682,0,0,18.70238337,19.79198751
06/01/17,13,0,0,111.77343,18.13714819,0.347122453,0,0,21.7472217,23.01421866
06/01/17,14,0,0,86.91947362,14.10416924,0.269936253,0,0,16.91150628,17.89677361
06/01/17,15,0,0,74.26833949,12.05130664,0.230647017,0,0,14.45003562,15.29189723
06/01/17,16,0,0,60.63439393,9.838966095,0.188305571,0,0,11.79734404,12.48465937
06/01/17,17,0,0,54.18897063,8.793086073,0.168288729,0,0,10.54328885,11.15754271
06/01/17,18,0,0,38.06834207,6.177238737,0.118224665,0,0,7.406775251,7.838295277
06/01/17,19,0,0,18.71175528,3.036301905,0.058111041,0,0,3.640656735,3.852762035
06/01/17,20,0,0,2.851006009,0.462624422,0.008854056,0,0,0.554706604,0.587023908
06/01/17,21,0,0,0,0,0,0,0,0,0
06/01/17,22,0,0,0,0,0,0,0,0,0
06/01/17,23,0,0,0,0,0,0,0,0,0